{"cameraMode":{"drawMode":0,"name":"Shaded","section":"Shading Mode"},"sceneLighting":true,"audioPlay":false,"sceneViewState":{"showFog":true,"showMaterialUpdate":false,"showSkybox":true,"showFlares":true,"showImageEffects":true,"showParticleSystems":true},"in2DMode":false,"pivot":{"x":-4.1692633628845219,"y":3.7570548057556154,"z":0.9534565210342407},"rotation":{"x":-0.08920315653085709,"y":0.9085632562637329,"z":-0.2532235383987427,"w":-0.32006335258483889},"size":12.98410415649414,"orthographic":false}